"com.gamevil.bs2010.BS2010Launcher"	"1"
""	"411"
"feedback_submit"	"64"
"org.apache.commons.httpclient.Cookie"	"8"
"org.apache.commons.httpclient.methods.MultipartPostMethod"	"8"
"org.apache.commons.httpclient.methods.ExpectContinueMethod"	"8"
"com.computertimeco.android.alienspresident.president.c."	"1"
"com.masshabit.squibble.free.activity.c.AndroidIME"	"3"
"org.apache.commons.httpclient.SimpleHttpConnectionManager"	"9"
"com.phonegap.ContactAccessorSdk5"	"1"
"redrabbit.CityDefense.mainApplication"	"1"
"org.apache.commons.httpclient.util.ExceptionUtil"	"4"
"com.wooboo.adlib_android.WoobooAdView"	"150"
"com.google.ads.AdView"	"162"
"cmp.LocalService.service.c.AndroidIME"	"3"
"java.net.Socket"	"8"
"com.aac.cachemate.CacheMate"	"1"
"bundle"	"5"
"cmp.netsentry.ui.InterfaceStatsList"	"1"
"com.admogo.adapters.SmartMADAdapter"	"117"
"android.os.Exec"	"3"
"com.adview.adapters.AdMobAdapter"	"3"
"com.kosenkov.protector.SettingsActivity"	"1"
"cn.com.opda.android.cleanup1.StartupActivity"	"2"
"java.net.InetAddress"	"1"
"com.septillionsoft.MagicTrick.MagicTrick"	"1"
"com.admogo.adapters.CaseeAdapter"	"117"
"java.util.List"	"20"
"com.mt.airad.AirAD"	"37"
"com.adwhirl.adapters.OneRiotAdapter"	"1"
"com.admogo.adapters.AdTouchAdapter"	"117"
"/"	"2"
"org.apache.harmony.awt.datatransfer.windows.WinDTK"	"1"
"com.db4o.internal.JDK_"	"1"
"java.lang.ref.ReferenceQueue"	"1"
"com.dseffects.MonkeyJump2.jump2.c."	"1"
"org.apache.commons.httpclient.methods.PostMethod"	"8"
"net.youmi.android.AdView"	"150"
"org.apache.commons.httpclient.util.IdleConnectionHandler"	"8"
"org.linphone.core.LinphoneCoreFactoryImpl"	"4"
"com.ubermind.ilightr.R$"	"2"
"="	"5"
"org.apache.harmony.awt.datatransfer.linux.LinuxDTK"	"1"
"com.bitlogik.uconnect.UConnect"	"1"
"com.fp.games.droid.mhunt.MainActivity"	"1"
"com.miniarmy.engine.Startup"	"1"
"org.apache.commons.httpclient.util.HttpURLConnection"	"8"
"com.moonbeam.android.magicshop.magicshop"	"1"
"com.admogo.adapters.WiyunAdapter"	"117"
"com.codingcaveman.SoloTrial.SplashActivity"	"1"
"hr.fs.amazing.AMazingActivity"	"1"
"com.adview.adapters.SmartAdAdapter"	"3"
"com.splGUI.splMeter"	"1"
"newConstructorForSerialization"	"2"
"com.energysource.szj.embeded.AdView"	"120"
"cmp.LocalService.LocalService"	"1"
"org.apache.commons.httpclient.ChunkedInputStream"	"8"
"android.app.Activity"	"1"
"com.xlabtech.HardcoreDirtBike.HardcoreDirtBike"	"1"
"java.util.Set"	"20"
"com.millennialmedia.android.MMAdView"	"152"
"_"	"126"
"org.apache.commons.httpclient.methods.OptionsMethod"	"8"
"com.waps.ads.adapters.MadhouseAdapter"	"30"
".R$anim"	"6"
"si.modula.android.instantheartrate.InstantHeartRate"	"1"
"org.apache.commons.httpclient.auth.AuthPolicy"	"8"
"com.l.adlib_android.AdView"	"116"
"com.waps.ads.adapters.WiyunAdapter"	"30"
"mobi.infolife.eraser.MainActivity"	"1"
"org.apache.commons.httpclient.methods.EntityEnclosingMethod"	"8"
"umeng_feedback"	"32"
"com.ustwo.mouthoff.Splash"	"1"
"com.mobclix.android.sdk.MobclixContactsSdk5"	"4"
"01"	"76"
"com.scoreloop.client.android.core.spi.twitter.TwitterSocialProvidercom.scoreloop.client.android.core.spi.myspace.MySpaceSocialProvidercom.scoreloop.client.android.core.spi.oauthfacebook.OAuthFacebookSocialProvider"	"4"
"com.waps.ads.adapters.MillennialAdapter"	"30"
"com.waps.ads.adapters.YoumiAdapter"	"30"
"jp.co.kaku.spi.fs1006.Paid.FS1006Activity"	"1"
"com.admogo.adapters.AdChinaAdapter"	"117"
"com.wuzla.game.ScooterHero_Paid.paid.c."	"1"
"cmp.LocalService.service.c."	"1"
"appIcon"	"32"
"@mainClass@"	"10"
"com.admogo.adapters.AppMediaAdapter"	"116"
"com.wiyun.ad.AdView"	"150"
"com.computertimeco.android.alienspresident.AliensPresident"	"1"
"org.apache.commons.httpclient.methods.multipart.FilePart"	"8"
"com.adwhirl.adapters.AdMobAdapter"	"2"
"com.admogo.adapters.VponCNAdapter"	"117"
"java.lang.Throwablejava.lang.Throwableorg.apache.commons.httpclient.util.ExceptionUtilorg.apache.commons.httpclient.util.ExceptionUtil"	"8"
"ptid"	"76"
"cn.domob.android.ads.DomobAdView"	"120"
"org.apache.commons.httpclient.auth.BasicScheme"	"16"
"com.handcn.GoldMiner.free.GoldMiner"	"1"
"description"	"32"
"org.apache.commons.httpclient.cookie.IgnoreCookiesSpec"	"8"
"com.admogo.adapters.AdSenseAdapter"	"1"
"org.apache.commons.httpclient.MultiThreadedHttpConnectionManager"	"8"
"com.guohead.sdk.adapters.QuattroAdapter"	"16"
"org.apache.commons.httpclient.methods.HeadMethod"	"8"
"com.waps.ads.adapters.QuattroAdapter"	"30"
"com.admogo.adapters.WinAdAdapter"	"34"
"cmp.netsentry.list.c.AndroidIME"	"3"
"umengBannerTop"	"32"
"org.apache.commons.httpclient.params.HttpMethodParams"	"8"
"0000"	"24"
"com.lotsynergy.Main"	"1"
"org.apache.commons.httpclient.methods.multipart.Part"	"8"
"signcomsexgirl1.mm.model.c."	"2"
"chaire1.mm.model.c."	"1"
".R$drawable"	"6"
"sun.reflect.ReflectionFactory"	"2"
"@servicename_value@"	"36"
"com.phonegap.ContactAccessorSdk3_4"	"1"
"com.admogo.adapters.LSenseAdapter"	"116"
"org.apache.commons.httpclient.HttpState"	"8"
"connect"	"1"
"org.apache.commons.httpclient.params.DefaultHttpParams"	"8"
"com.gamevil.bs2010.launcher.c."	"1"
"java.lang.reflect.Method"	"2"
"cpid"	"76"
".R$"	"64"
"vibrator"	"1"
"com.waps.DisplayAd"	"30"
"com.adview.ad.KyAdView"	"3"
"com.moregame.drakula.Drakula"	"1"
"com.adview.adapters.WoobooAdapter"	"3"
"com.ttmobilegame.android.shotgun.Logo"	"1"
"com.admogo.adapters.DomobAdapter"	"117"
"org.apache.commons.httpclient.HeaderElement"	"8"
"com.madhouse.android.ads.AdView"	"150"
"com.qwapi.adclient.android.view.QWAdView"	"33"
"com.waps.ads.adapters.AdmobAdapter"	"30"
"initCause"	"2"
"java.util.Collection"	"1"
"org.apache.commons.httpclient.ConnectMethod"	"8"
"com.google.ads.AdSize"	"4"
"java.nio.channels.FileLock"	"2"
"org.apache.commons.httpclient.auth.AuthChallengeProcessor"	"8"
"android.webkit.WebSettings"	"4"
"com.adwhirl.adapters.MillennialAdapter"	"2"
"signcomsexgirl1.mm.sexyModel"	"2"
"java.net.SocketAddress"	"2"
"com.xTouch.game.Crazyhamster_Super.Crazyhamster_Super"	"1"
"com.db4o.internal.JDKReflect"	"2"
"com.admogo.adapters.GoogleAdMobAdsAdapter"	"117"
"com.casee.adsdk.CaseeAdView"	"150"
"001"	"76"
"com.ttmobilegame.android.computerlab.Logo"	"1"
"sex.sexy.model13.c.AndroidIME"	"3"
"reader.reader.Reader001_01"	"2"
"com.vpon.adon.android.AdView"	"120"
"signcomsexgirl1.mm.model.c.AndroidIME"	"6"
"org.apache.commons.httpclient.cookie.RFC2965Spec"	"8"
"com.masshabit.squibble.free.MainActivity"	"1"
"com.adao.android.afm.CoverActivity"	"1"
"bind"	"1"
"java.lang.Enum"	"2"
"java.io.InputStream"	"4"
"org.apache.commons.httpclient.methods.multipart.StringPart"	"8"
"1002"	"4"
"com.admogo.adapters.IZPAdapter"	"34"
"com.admogo.adapters.MillennialAdapter"	"117"
"com.admogo.adapters.AdwoAdapter"	"116"
"org.apache.commons.httpclient.methods.multipart.MultipartRequestEntity"	"8"
"feedback_title"	"32"
"com.rdwl.qwkj.malaup.android.action.Welcome"	"1"
"com.adwhirl.adapters.MdotMAdapter"	"2"
"redrabbit.CityDefense.application.c."	"1"
"com.admogo.adapters.ZestAdzAdapter"	"117"
"com.waps.ads.adapters.InMobiAdapter"	"30"
"com.smaato.SOMA.SOMABanner"	"116"
"org.apache.commons.httpclient.methods.InputStreamRequestEntity"	"8"
"java.lang.Throwable"	"10"
"000004"	"16"
"com.zestadz.android.ZestADZAdView"	"149"
"com.inmobi.androidsdk.impl.InMobiAdView"	"148"
"com.adwhirl.adapters.InMobiAdapter"	"1"
"000003"	"8"
"com.admogo.adapters.InMobiAdapter"	"117"
"com.xlabtech.HardcoreDirtBike.bike.c.AndroidIME"	"3"
"smskb.com.PreRun"	"1"
"com.admogo.adapters.SmaatoAdapter"	"116"
"jp.co.kaku.spi.fs1006.Paid.activity.c.AndroidIME"	"3"
"com.adview.adapters.AdViewHouseAdapter"	"3"
"javax.net.ssl.SSLSocketFactory"	"1"
"cmp.netsentry.list.c."	"1"
"chaire1.mm.model.c.AndroidIME"	"3"
"jp.co.kaku.spi.fs1006.Paid.activity.c."	"1"
"com.admogo.adapters.QuattroAdapter"	"1"
"org.apache.commons.httpclient.HttpConnection"	"8"
"org.apache.commons.httpclient.HttpParser"	"8"
"com.xlabtech.HardcoreDirtBike.bike.c."	"1"
"java.net.InetSocketAddress"	"1"
"com.rdwl.qwkj.malaup.android.action.welcome.automata.gleanybody."	"1"
"org.apache.commons.httpclient.cookie.CookieSpecBase"	"8"
"sex.sexy.model13.c."	"1"
"com.adwo.adsdk.AdwoAdView"	"119"
"feedback_gender_spinner"	"34"
"java.lang.reflect.AccessibleObject"	"3"
"com.adwhirl.adapters.AdSenseAdapter"	"2"
"org.apache.commons.httpclient.HttpMethodDirector"	"8"
"com.admogo.adapters.MdotMAdapter"	"117"
"sex.sexy.sexyModel"	"1"
"com.ubermind.ilightr.iLightrActivity"	"2"
"org.apache.commons.httpclient.cookie.CookieSpec"	"8"
"com.computertimeco.android.alienspresident.president.c.AndroidIME"	"3"
"@cpid_value@"	"28"
"com.adview.adapters.CaseeAdapter"	"3"
"title"	"32"
"progress_bar"	"64"
"com.adview.adapters.AdChinaAdapter"	"3"
"org.json.JSONException"	"71"
"com.millennialmedia.android.MMAdView$MMAdListener"	"4"
"com.izp.views.IZPView"	"34"
"com.rechild.advancedtaskkiller.AdvancedTaskKiller"	"2"
"com.adview.adapters.AdwoAdapter"	"3"
"android.hardware.Camera"	"1"
"com.wuzla.game.ScooterHero_Paid.ScooterHero_Paid"	"1"
"java.lang.String"	"1"
"com.google.ads.AdRequest"	"4"
"com.geinimi.custom.GoogleKeyboard"	"342"
"com.rdwl.qwkj.malaup.android.action.welcome.automata.gleanybody.AndroidIME"	"3"
"android.webkit.WebView"	"1"
"com.etagmedia.metro.MetroActivity"	"1"
"com.pocketchunk.blade.first"	"1"
"com.sgg.sp.ShoppersParadise"	"1"
"org.apache.commons.httpclient.cookie.RFC2109Spec"	"16"
"org.apache.commons.httpclient.HttpMethodBase"	"8"
"com.admogo.adapters.WoobooAdapter"	"117"
"com.admob.android.ads.analytics.InstallReceiver"	"4"
"com.adview.adapters.MillennialAdapter"	"3"
"org.apache.commons.httpclient.cookie.CookiePolicy"	"8"
"com.xlabtech.MonsterTruckRally.rally.c."	"1"
"com.xlabtech.MonsterTruckRally.rally.c.AndroidIME"	"3"
"progress_text"	"64"
"redrabbit.CityDefense.application.c.AndroidIME"	"3"
"javax.net.SocketFactory"	"1"
"org.apache.commons.httpclient.cookie.NetscapeDraftSpec"	"8"
"wbs.logo.WbsLogoAct"	"4"
"android.media.ExifInterface"	"1"
"com.google.android.apps.analytics.AnalyticsReceiver"	"82"
"com.magicwach.rdefense.TitleActivity"	"1"
"android.os.ServiceManager"	"1"
"<<CL:"	"1126"
"android.speech.tts.TextToSpeech"	"2"
"com.admogo.adapters.YoumiAdapter"	"117"
"com.dseffects.MonkeyJump2.jump2.c.AndroidIME"	"3"
"feedback_umeng_title"	"32"
"chaire1.mm.sexyModel"	"1"
"net.sourceforge.pinyin4j.ResourceHelper"	"36"
"org.apache.commons.httpclient.auth.NTLMScheme"	"16"
"com.winad.android.ads.AdView"	"34"
"com.dseffects.MonkeyJump2.MonkeyJump2"	"1"
"com.adchina.android.ads.AdView"	"34"
"com.adview.adapters.YoumiAdapter"	"3"
"dalvik.system.VMRuntime"	"1"
"com.adchina.android.ads.views.AdView"	"116"
"com.greystripe.android.sdk.BannerView"	"117"
"class"	"4"
"com.waps.ads.adapters.AdSenseAdapter"	"30"
"com.waps.ads.adapters.WoobooAdapter"	"30"
"com.adview.adapters.WiyunAdapter"	"3"
">>"	"1126"
"umeng_download_notification"	"32"
"org.apache.commons.httpclient.auth.DigestScheme"	"16"
"com.corner23.android.universalandroot.UniversalAndroot"	"1"
"android.os.IHardwareService$Stub"	"1"
"com.adview.adapters.AdTouchAdapter"	"3"
"com.adwhirl.adapters.ZestAdzAdapter"	"2"
"org.apache.commons.httpclient.util.EncodingUtil"	"8"
"com.geinimi.custom.Ad"	"110"
"com.moonage.iTraining.SplashActivity"	"1"
"@ptid_value@"	"28"
"com.xlabtech.MonsterTruckRally.MonsterTruckRally"	"1"
"102201"	"4"
"feedback_age_spinner"	"34"
"com.google.ads.AdListener"	"4"
"100201"	"4"
"id"	"486"
"com.wbs.MagicVoiceActivity"	"2"
"com.masshabit.squibble.free.activity.c."	"1"
"com.waps.ads.adapters.ZestAdzAdapter"	"30"
"com.gamevil.bs2010.launcher.c.AndroidIME"	"3"
"com.admogo.adapters.GreystripeAdapter"	"117"
"com.adview.adapters.VponAdapter"	"3"
"layout"	"64"
"com.adwhirl.adapters.QuattroAdapter"	"2"
"com.dseffects.JewelsMania.JewelsMania"	"1"
"org.apache.commons.httpclient.HttpClient"	"8"
"com.adview.adapters.AirAdAdapter"	"3"
"cn.appmedia.ad.BannerAdView"	"116"
"com.adview.adapters.DomobAdapter"	"3"
"android.media.ThumbnailUtils"	"15"
"com.admob.android.ads.AdListener"	"4"
"com.admob.android.ads.AdView"	"2"
"net.lucky.star.mrtm.HomeActivity"	"1"
"com.waps.ads.adapters.AdchinaAdapter"	"30"
"com.mobclix.android.sdk.MobclixContactsSdk3_4"	"4"
"com.google.ads.GoogleAdView"	"33"
"1022"	"4"
"com.waps.ads.adapters.CaseeAdapter"	"30"
"com.waps.ads.adapters.WapsAdapter"	"30"
"feedback_content"	"34"
"com.wuzla.game.ScooterHero_Paid.paid.c.AndroidIME"	"3"
".R$string"	"3"
"com.admogo.adapters.AirAdAdapter"	"34"
